Company,CIQ Ticker,Insider,Public Float,Institution,Institution,Institution,Institution,Institution,Institution,Institution,Institution,Institution,Institution,Institution,Institution,Institution,Institution,Strategic,Strategic,Strategic,Strategic,Strategic,Strategic,Strategic,Strategic
SP_COMPANY_NAME,ciqticker,SHARES_OWNED_INSIDERS,SP_NO_FLOAT_SHARES,SHARES_OWNED_INSTN_BANKS/INVEST_BANKS,SHARES_OWNED_INSTN_CHARITABLE_FOUNDATIONS,SHARES_OWNED_INSTN_CORP_PENSION_SPONSORS,SHARES_OWNED_INSTN_EDUCATIONAL/CULTURAL_ENDOWMENTS,SHARES_OWNED_INSTN_FAMILY_OFFICES/TRUSTS,SHARES_OWNED_INSTN_GOVT_PENSION_SPONSORS,SHARES_OWNED_INSTN_INSURANCE_COMPANIES,SHARES_OWNED_INSTN_INVEST_MGRS,SHARES_OWNED_INSTN_REIT,SHARES_OWNED_INSTN_UNCLASSIFIED,SHARES_OWNED_INSTN_UNION_PENSION_SPONSORS,SHARES_OWNED_INSTN_HEDGE_FUND_MGRS_LESS5PCT_STAKE,SHARES_OWNED_INSTN_SOVEREIGN_WEALTH_FUNDS_LESS5PCT_STAKE,SHARES_OWNED_INSTN_VC/PE_FIRMS_LESS5PCT_STAKE,SHARES_OWNED_STRATEGIC_HEDGE_FUND_MGRS_MORE_EQUAL5SHARES_STAKE,SHARES_OWNED_STRATEGIC_VC/PE_FIRMS_MORE_EQUAL5SHARES_STAKE,SHARES_OWNED_STRATEGIC_SOVEREIGN_WEALTH_FUNDS_MORE_EQUAL5SHARES_STAKE,SHARES_OWNED_STRATEGIC_COMPANY_CONTROLLED_FOUNDATIONS,SHARES_OWNED_STRATEGIC_ESOP,SHARES_OWNED_STRATEGIC_STATE_OWNER,SHARES_OWNED_STRATEGIC_CORPORATIONS_PRIVATE,SHARES_OWNED_STRATEGIC_CORPORATIONS_PUBLIC
Minth Group Limited,SEHK:425,"450,244,000","711,749,599","20,408,747",NA,NA,NA,NA,"642,901",NA,"390,649,681",NA,NA,NA,"5,291,700",NA,NA,NA,NA,NA,NA,NA,NA,NA,NA
Fosun Tourism Group,SEHK:1992,"26,017,916","148,476,835",NA,NA,NA,NA,NA,NA,NA,"17,345,437",NA,NA,NA,NA,NA,NA,NA,NA,NA,NA,NA,NA,"987,339,132","81,542,487"
Silverlake Axis Ltd.,SGX:5CP,"1,958,070,394","542,363,227","24,785,520",NA,NA,NA,NA,NA,NA,"32,313,211",NA,NA,NA,NA,NA,NA,NA,NA,NA,NA,NA,NA,"11,258,000",NA
Goldpac Group Limited,SEHK:3315,"364,605,426","300,398,393",NA,NA,NA,NA,NA,NA,NA,"8,767,816",NA,NA,NA,NA,NA,NA,NA,NA,NA,NA,NA,NA,NA,"152,931,181"
Frasers Property (Thailand) Public Company Limited,SET:FPT,"20,308,200","352,631,709",NA,NA,NA,NA,NA,NA,NA,"19,048,942",NA,NA,NA,NA,NA,NA,NA,NA,NA,NA,NA,NA,"1,946,337,510",NA
Chinasoft International Limited,SEHK:354,"247,345,909","2,377,041,449","23,938,053",NA,NA,NA,"76,000","6,000,360",NA,"1,166,569,150",NA,NA,NA,"2,055,382",NA,"94,700,000",NA,NA,NA,NA,NA,NA,NA,NA
PT Surya Pertiwi Tbk,IDX:SPTO,NA,"1,080,000,000","57,109,341",NA,NA,NA,NA,NA,NA,"221,033,226",NA,NA,NA,NA,NA,NA,NA,NA,NA,NA,NA,NA,"1,620,000,000",NA
Sunteck Realty Limited,BSE:512179,"6,635,568","39,304,650","4,182,533",NA,NA,NA,NA,NA,NA,"25,231,688",NA,NA,NA,"6,380,234","2,285,440",NA,NA,NA,NA,NA,NA,"8,681","94,537,520",NA
Saigon Beer - Alcohol - Beverage Corporation,HOSE:SAB,"3,400","133,520,704","2,982,695",NA,NA,NA,NA,NA,NA,"34,997,465",NA,NA,NA,NA,NA,NA,NA,NA,"461,753,094",NA,NA,NA,NA,"687,285,174"
PT Arwana Citramulia Tbk,IDX:ARNA,"2,744,425,100","3,426,720,576","154,218,436",NA,NA,NA,NA,NA,NA,"1,045,198,862",NA,NA,NA,NA,NA,NA,NA,NA,NA,NA,NA,NA,"1,065,432,500",NA
Robinsons Land Corporation,PSE:RLC,"22,051,289","1,646,971,909","8,739,235",NA,200,NA,NA,NA,NA,"479,289,282",NA,NA,NA,"1,182,400",NA,"156,240",NA,NA,NA,NA,NA,NA,"2,553,200","3,166,806,886"
Capital A Berhad,KLSE:CAPITALA,"208,864,800","2,327,916,555","18,333,860",NA,NA,NA,NA,NA,NA,"541,165,138",NA,NA,NA,"103,348,200",NA,NA,NA,NA,"238,796,900",NA,NA,NA,"1,367,983,586","111,117,509"
PT Bank Mandiri (Persero) Tbk,IDX:BMRI,"73,891,100","37,259,442,233","541,146,362",NA,NA,NA,"64,321,720","111,127,870",NA,"15,679,663,032",NA,NA,NA,"70,516,421",NA,"333,100",NA,NA,NA,NA,NA,"55,999,999,999",NA,NA
Binh Minh Plastics Joint Stock Company,HOSE:BMP,"735,862","27,513,257",NA,NA,NA,NA,NA,NA,NA,"4,602,059",NA,NA,NA,NA,NA,NA,NA,NA,NA,NA,NA,NA,"9,022,008","44,589,811"
Equitas Small Finance Bank Limited,NSEI:EQUITASBNK,"58,540,297","1,008,525,983","23,559,726",NA,NA,NA,NA,NA,NA,"563,178,697","120,000",NA,NA,NA,NA,"52,139,644",NA,NA,NA,NA,NA,"13,156,937","53,654,871",NA
Lemon Tree Hotels Limited,NSEI:LEMONTREE,"2,917,800","574,519,532","875,260",NA,"118,730,914",NA,NA,NA,NA,"235,802,686","1,200,000",NA,NA,"9,864,675",NA,NA,NA,NA,NA,NA,NA,NA,"213,660,927",NA
Thai Optical Group Public Company Limited,SET:TOG,"232,383,600","93,967,800",NA,NA,NA,NA,NA,NA,NA,"4,479,700",NA,NA,NA,NA,NA,NA,NA,NA,NA,NA,NA,NA,"147,966,600",NA
"BDO Unibank, Inc.",PSE:BDO,"45,446,910","2,258,674,608","3,633,044",NA,NA,NA,NA,"9,060,223",NA,"745,449,533",NA,NA,NA,"2,537,138",NA,NA,NA,NA,NA,NA,NA,NA,"362,031,984","2,602,461,695"
Thien Viet Securities Joint Stock Company,HOSE:TVS,"63,276,317","88,038,355",NA,NA,NA,NA,NA,NA,NA,NA,NA,NA,NA,NA,NA,NA,NA,NA,NA,NA,NA,NA,NA,NA
Topsports International Holdings Limited,SEHK:6110,NA,"2,734,543,449","550,931,344",NA,NA,NA,NA,"11,108,577",NA,"544,715,617",NA,NA,NA,"61,512",NA,"2,886,000",NA,"2,163,605,107",NA,NA,NA,NA,"1,303,073,468",NA
PT Bukalapak.com Tbk.,IDX:BUKA,"2,456,048,000","65,521,675,853","14,888,016,193",NA,NA,NA,NA,NA,NA,"6,285,088,319",NA,NA,NA,"1,200,000",NA,NA,NA,NA,NA,NA,NA,NA,"9,736,593,677","25,385,649,537"
Tencent Music Entertainment Group,NYSE:TME,NA,"687,960,478","40,360,361",NA,"643,426","72,800","757,058","33,622,517",NA,"317,176,490",NA,NA,NA,"47,916,178","554,002","790,572",NA,NA,NA,NA,NA,NA,"19,237","970,934,555"
PTT Oil and Retail Business Public Company Limited,SET:OR,"14,350","2,778,378,631","82,182,200",NA,NA,NA,NA,"1,205,620",NA,"487,634,756",NA,NA,NA,NA,NA,NA,NA,NA,NA,NA,NA,"221,607,019",NA,"9,000,000,000"
Joint Stock Commercial Bank for Foreign Trade of Vietnam,HOSE:VCB,NA,NA,"7,601,655",NA,NA,NA,NA,"1,230,392",NA,"154,129,739",NA,NA,NA,"28,556",NA,NA,NA,NA,NA,NA,NA,NA,NA,NA
True Corporation Public Company Limited,SET:TRUE,"19,415,340","9,951,094,892","2,060,695",NA,NA,NA,NA,"8,165,185",NA,"1,045,085,402",NA,NA,NA,"791,017",NA,NA,NA,NA,NA,NA,NA,NA,"17,162,280,432","7,419,310,137"
PT Bank MNC Internasional Tbk,IDX:BABP,"2,433,100","18,619,630,266",NA,NA,NA,NA,NA,NA,NA,"115,057,588",NA,NA,NA,NA,NA,NA,NA,NA,NA,NA,NA,NA,NA,"22,389,649,507"
PT Bank Negara Indonesia (Persero) Tbk,IDX:BBNI,"17,107,998","14,861,302,568","713,458,998",NA,NA,NA,NA,"69,809,795",NA,"4,372,180,346",NA,NA,NA,"4,093,609",NA,NA,NA,NA,NA,NA,NA,"22,378,387,750",NA,NA
China Gas Holdings Limited,SEHK:384,"590,654,428","3,000,223,401","11,624,134",NA,NA,NA,400,"1,217,028",NA,"651,450,418",NA,NA,NA,"174,373",NA,NA,NA,NA,NA,NA,NA,NA,"569,262,200","1,275,433,143"
PT Aneka Tambang Tbk,IDX:ANTM,"185,877,377","7,647,832,221","73,643,422",NA,NA,NA,NA,"416,931,563","47,670,600","1,516,118,095",NA,NA,NA,"21,645,056","111,940,800",NA,NA,NA,NA,NA,NA,"70,371,000","16,126,684,126",NA
Crystal International Group Limited,SEHK:2232,"2,306,413,900","546,408,100","1,822,000",NA,NA,NA,NA,NA,NA,"344,586,938",NA,NA,NA,NA,NA,NA,NA,NA,NA,NA,NA,NA,NA,NA
PT Prodia Widyahusada Tbk,IDX:PRDA,400,"262,499,600","910,000",NA,NA,NA,NA,NA,NA,"45,443,168",NA,NA,NA,"379,300",NA,NA,NA,NA,NA,NA,NA,NA,"675,000,000",NA
PT Avia Avian Tbk,IDX:AVIA,"3,532,125,700","11,544,057,100","188,789,774",NA,NA,NA,NA,NA,NA,"6,870,794,432",NA,NA,NA,"17,344,900",NA,NA,NA,NA,NA,NA,NA,NA,"46,877,372,800",NA
China Feihe Limited,SEHK:6186,"4,598,336,964","3,462,434,607","84,163,867",NA,NA,NA,NA,"11,741,854",NA,"649,765,851",NA,NA,NA,"2,918,889",NA,"679,500",NA,NA,NA,NA,NA,NA,"1,006,480,133",NA
"Alliance Global Group, Inc.",PSE:AGI,"68,688,212","1,817,169,601","6,093,556",NA,NA,NA,NA,NA,NA,"1,057,288,728",NA,NA,NA,"453,444",NA,NA,NA,NA,NA,NA,NA,NA,"7,053,375,066","35,269,800"
PT Surya Semesta Internusa Tbk,IDX:SSIA,"12,939,800","3,401,585,596","112,878,032",NA,NA,NA,NA,NA,NA,"556,500,504",NA,NA,NA,"4,392,800",NA,NA,NA,NA,NA,NA,NA,NA,"1,134,014,144",NA
PT Metrodata Electronics Tbk,IDX:MTDL,"2,676,757,945","5,200,957,750",NA,NA,NA,NA,NA,NA,NA,"1,028,667,170",NA,NA,NA,NA,NA,NA,NA,NA,NA,NA,NA,NA,"4,399,168,890",NA
Ho Chi Minh City Development Joint Stock Commercial Bank,HOSE:HDB,"163,119,599","2,729,431,011",NA,NA,NA,NA,NA,NA,NA,"263,941,093",NA,NA,NA,"4,067,179",NA,NA,NA,NA,NA,NA,NA,NA,NA,NA
PT Map Aktif Adiperkasa Tbk,IDX:MAPA,"115,504,500","6,630,535,700","210,803,904",NA,NA,NA,NA,NA,NA,"2,606,208,051",NA,NA,NA,"9,440,500",NA,NA,NA,NA,NA,NA,NA,NA,"21,757,959,800",NA
"Ayala Land, Inc.",PSE:ALI,"138,692,904","7,040,584,208","184,946,717",NA,NA,NA,NA,"7,125,700",NA,"1,878,206,707",NA,NA,NA,"3,141,000",NA,NA,NA,NA,NA,NA,"122,897,532","15,682,093","7,624,318,976",NA
Thai Wah Public Company Limited,SET:TWPC,"111,307,283","452,829,424",NA,NA,NA,NA,NA,NA,NA,"85,944,804",NA,NA,NA,NA,NA,NA,NA,NA,NA,NA,NA,NA,"316,284,223",NA
PT Mayora Indah Tbk,IDX:MYOR,"5,646,326,800","3,504,901,500","271,212,321",NA,NA,NA,NA,NA,NA,"553,217,935",NA,NA,NA,"2,356,698",NA,NA,NA,NA,NA,NA,NA,NA,"13,207,471,425",NA
PT Kalbe Farma Tbk.,IDX:KLBF,"112,909,052","18,957,573,673","549,445,718",NA,NA,NA,NA,"82,541,552",NA,"6,506,389,806",NA,"1,110,000",NA,"3,879,377",NA,NA,NA,NA,NA,NA,NA,NA,"27,185,158,685",NA
Ayala Corporation,PSE:AC,"4,299,869","268,592,918","10,158,619",NA,NA,NA,NA,"311,981","1,031,700","52,208,983",NA,NA,NA,"24,980",NA,NA,NA,NA,NA,NA,"4,544,410",NA,"303,904,899","38,465,329"
Perfect Medical Health Management Limited,SEHK:1830,"114,974,747","314,054,003",NA,NA,NA,NA,NA,NA,NA,"25,737,572",NA,NA,NA,NA,NA,"1,500,000",NA,NA,NA,NA,NA,NA,"827,169,021",NA
"Shin Heung Energy & Electronics Co.,Ltd.",KOSDAQ:A243840,"2,080,632","3,227,921",NA,NA,NA,NA,NA,NA,NA,"544,684",NA,NA,NA,NA,NA,NA,NA,"1,231,520",NA,NA,"12,214",NA,"1,231,520",NA
Delfi Limited,SGX:P34,"13,122,700","287,843,300",NA,NA,NA,NA,NA,NA,NA,"84,499,811",NA,NA,NA,"370,300",NA,"2,200",NA,NA,NA,NA,NA,NA,"310,191,000",NA
NetDragon Websoft Holdings Limited,SEHK:777,"228,122,035","237,464,980","2,527,246",NA,NA,NA,NA,NA,NA,"42,881,749",NA,NA,NA,"214,320",NA,"13,295,321",NA,"31,237,999",NA,NA,NA,NA,"34,437,519",NA
Khang Dien House Trading and Investment Joint Stock Company,HOSE:KDH,"53,817,107","560,813,539","11,713,130",NA,NA,NA,NA,NA,"205,700","135,536,540",NA,NA,NA,NA,NA,NA,NA,NA,NA,NA,NA,NA,"184,681,325",NA
Alembic Pharmaceuticals Limited,NSEI:APLLTD,"10,669,353","58,243,804","120,564",NA,NA,NA,NA,NA,"2,561,845","33,856,875","250,000",NA,NA,NA,NA,NA,NA,NA,NA,NA,NA,"1,464,333","126,184,779",855
SIS Limited,NSEI:SIS,"104,703,794","36,183,630","3,033,917",NA,NA,NA,NA,NA,NA,"15,964,283",NA,NA,NA,NA,"1,994,191","4,991,454",NA,NA,NA,NA,NA,"7,318","3,205,648",NA
Mold-Tek Packaging Limited,BSE:533080,"12,031,600","20,770,963",NA,NA,NA,NA,NA,NA,"360,866","9,093,066",NA,NA,NA,"1,599,202",NA,"778,812",NA,NA,NA,NA,NA,"260,704",NA,"165,647"
Business Online Public Company Limited,SET:BOL,"366,274,800","179,290,100",NA,NA,NA,NA,NA,NA,NA,"59,303,814",NA,NA,NA,NA,NA,NA,NA,NA,NA,NA,NA,NA,NA,"274,940,600"
"Cosmax, Inc.",KOSE:A192820,"46,774","8,302,361","224,190",NA,NA,NA,NA,"1,515,658",NA,"2,116,889",NA,NA,NA,"29,869",NA,86,NA,NA,NA,NA,"63,040",NA,NA,"2,933,487"
"Anhui Kouzi Distillery Co., Ltd.",SHSE:603589,"258,439,821","338,425,965","681,251",NA,NA,NA,NA,NA,NA,"99,695,966",NA,NA,NA,"2,700",NA,NA,NA,NA,NA,NA,NA,NA,NA,NA
Saigon Thuong Tin Commercial Joint Stock Bank,HOSE:STB,"63,187,542","1,819,028,174","25,300,000",NA,NA,NA,NA,NA,NA,"251,236,033",NA,NA,NA,NA,NA,NA,NA,NA,NA,NA,NA,NA,"3,000,000",NA
China Yongda Automobiles Services Holdings Limited,SEHK:3669,"632,853,500","1,294,719,513","46,253,107",NA,NA,NA,NA,NA,NA,"641,203,417",NA,NA,NA,"1,689,679",NA,"13,001",NA,NA,NA,NA,NA,NA,NA,NA
Man Wah Holdings Limited,SEHK:1999,"2,424,921,600","1,452,616,000","73,330,509",NA,NA,NA,NA,"344,800",NA,"482,777,638",NA,NA,NA,"1,529,200",NA,"57,200",NA,NA,NA,NA,NA,NA,NA,NA
PT Bank Jago Tbk,IDX:ARTO,"46,646,331","3,837,036,051","19,292,882",NA,NA,NA,NA,NA,NA,"100,750,544",NA,NA,NA,"231,000",NA,NA,NA,NA,"1,257,535,118",NA,NA,NA,"5,749,287,500","2,965,745,000"
PT Indofood Sukses Makmur Tbk,IDX:INDF,"1,380,020","4,382,943,030","1,087,500",NA,NA,NA,NA,"9,491,323",NA,"946,095,732",NA,NA,NA,"2,095,771",NA,NA,NA,NA,NA,NA,NA,NA,NA,"4,396,103,450"
Hang Lung Group Limited,SEHK:10,"12,750,000","826,445,162","25,999,935",NA,NA,NA,NA,"130,000",NA,"374,242,448",NA,NA,NA,"17,000",NA,"31,000",NA,NA,NA,NA,NA,NA,"522,423,080",NA
PT AKR Corporindo Tbk,IDX:AKRA,"350,219,900","6,785,340,300","643,821,043",NA,"263,860,210",NA,NA,"288,682,756",NA,"2,331,450,345",NA,NA,NA,"139,376,100",NA,NA,NA,NA,NA,NA,NA,"472,661,500","12,128,947,900",NA
"Nan Liu Enterprise Co., Ltd.",TWSE:6504,NA,NA,"785,548",NA,NA,NA,NA,NA,NA,"2,140,080",NA,NA,NA,NA,NA,NA,NA,NA,NA,NA,NA,NA,NA,NA
Tongda Group Holdings Limited,SEHK:698,"1,283,435,000","6,076,922,645",NA,NA,NA,NA,NA,NA,NA,"107,109,658",NA,NA,NA,NA,NA,NA,NA,NA,NA,NA,NA,NA,"2,375,250,000",NA
MEB Corporation Public Company Limited,SET:MEB,"56,544,000","75,206,000",NA,NA,"1,425,800",NA,NA,NA,NA,"7,076,300",NA,NA,NA,NA,NA,NA,NA,NA,NA,NA,NA,NA,"14,470,000","153,780,000"
Rupa & Company Limited,BSE:533552,"34,992,788","22,039,918","1,692,020",NA,NA,NA,NA,NA,NA,"412,213",NA,NA,NA,"3,335,000",NA,NA,NA,NA,NA,NA,NA,"43,694","22,448,160",NA
CP Axtra Public Company Limited,SET:CPAXT,"886,755","1,615,207,628","43,934,411",NA,NA,NA,NA,NA,NA,"238,129,557",NA,NA,NA,"128,026",NA,NA,NA,NA,NA,NA,NA,NA,"4,334,434,945","4,629,794,172"
361 Degrees International Limited,SEHK:1361,"1,350,477,462","717,204,538",NA,NA,NA,NA,NA,NA,NA,"70,076,584",NA,NA,NA,"2,663,000",NA,NA,NA,NA,NA,NA,NA,NA,NA,NA
Saigon Ground Services Joint Stock Company,HOSE:SGN,NA,"27,181,032",NA,NA,NA,NA,NA,NA,NA,"142,120",NA,NA,NA,NA,NA,NA,NA,NA,NA,NA,NA,NA,"6,352,559",NA
Global Green Chemicals Public Company Limited,SET:GGC,"153,685,000","126,153,710",NA,NA,NA,NA,NA,NA,NA,"5,095,680",NA,NA,NA,NA,NA,NA,NA,NA,NA,NA,NA,NA,"3,828,000","739,999,990"
PDS Limited,NSEI:PDSL,"101,430,014","28,880,888","2,100,000",NA,NA,NA,NA,NA,NA,"211,341",NA,NA,NA,"2,912,730",NA,"1,516,004",NA,NA,NA,NA,"175,644","4,562","1,412,031",NA
Metropolis Healthcare Limited,NSEI:METROPOLIS,"9,786,919","25,241,095","240,297",NA,NA,NA,NA,NA,"836,412","19,198,955",NA,NA,NA,"802,810",NA,"241,567",NA,NA,NA,NA,NA,354,"16,198,493",NA
UMS Holdings Limited,SGX:558,"81,189,503","576,158,938","18,258,353",NA,NA,NA,NA,NA,NA,"72,589,065",NA,NA,NA,NA,NA,NA,NA,NA,NA,NA,NA,NA,"13,187,500",NA
PT Sariguna Primatirta Tbk,IDX:CLEO,"125,311,600","2,609,076,000",NA,NA,NA,NA,NA,NA,NA,"53,321,615",NA,NA,NA,NA,NA,NA,NA,NA,NA,NA,NA,NA,"9,225,600,000",NA
PT Pantai Indah Kapuk Dua Tbk,IDX:PANI,NA,"1,688,109,965",NA,NA,NA,NA,NA,NA,NA,"6,487,653",NA,NA,NA,NA,NA,NA,NA,NA,NA,NA,NA,NA,NA,"13,939,040,035"
The Siam Cement Public Company Limited,SET:SCC,"403,926,640","720,909,910","5,432,119","13,347,300",NA,NA,NA,"315,699",NA,"138,456,665",NA,NA,NA,"41,121",NA,NA,NA,NA,NA,NA,NA,"52,110,050","23,053,400",NA
SISB Public Company Limited,SET:SISB,"670,732,652","269,267,348","7,584,600",NA,"5,546,000",NA,NA,NA,"19,205,900","26,695,410",NA,NA,NA,"557,600",NA,NA,NA,NA,NA,NA,NA,NA,NA,NA
#INVALID COMPANY ID,NSEI:MCDOWELL-N,#INVALID COMPANY ID,#INVALID COMPANY ID,#INVALID COMPANY ID,#INVALID COMPANY ID,#INVALID COMPANY ID,#INVALID COMPANY ID,#INVALID COMPANY ID,#INVALID COMPANY ID,#INVALID COMPANY ID,#INVALID COMPANY ID,#INVALID COMPANY ID,#INVALID COMPANY ID,#INVALID COMPANY ID,#INVALID COMPANY ID,#INVALID COMPANY ID,#INVALID COMPANY ID,#INVALID COMPANY ID,#INVALID COMPANY ID,#INVALID COMPANY ID,#INVALID COMPANY ID,#INVALID COMPANY ID,#INVALID COMPANY ID,#INVALID COMPANY ID,#INVALID COMPANY ID
Persistent Systems Limited,NSEI:PERSISTENT,"25,171,482","46,696,676","405,507",NA,NA,NA,"5,452",NA,NA,"27,549,984","50,000",NA,NA,"32,608","809,130","445,585",NA,NA,NA,NA,"1,580,048","1,794",NA,NA
Forth Smart Service Public Company Limited,SET:FSMART,"89,712,070","267,264,430","33,671,089",NA,NA,NA,NA,NA,NA,"25,729,394",NA,NA,NA,NA,NA,NA,NA,NA,NA,NA,NA,NA,NA,"396,164,800"
Zensar Technologies Limited,BSE:504067,"2,767,334","136,373,863","1,139,572",NA,NA,NA,"5,000,000",NA,NA,"87,002,903",NA,NA,NA,"8,057,548",NA,NA,NA,NA,NA,NA,NA,"1,159,999","86,157,130","108,018"
Hyosung Advanced Materials Corporation,KOSE:A298050,"1,048,404","2,422,680","42,861",NA,NA,NA,NA,"401,423",NA,"333,301",NA,NA,NA,NA,NA,28,NA,NA,NA,NA,NA,NA,NA,"996,938"
Tropical Canning (Thailand) Public Company Limited,SET:TC,"87,835,000","161,035,000",NA,NA,NA,NA,NA,NA,NA,NA,NA,NA,NA,NA,NA,NA,NA,NA,NA,NA,NA,NA,"81,130,000",NA
PT Garudafood Putra Putri Jaya Tbk,IDX:GOOD,"13,189,051,360","5,372,609,490",NA,NA,NA,NA,NA,NA,NA,"66,048,865",NA,NA,NA,NA,NA,NA,NA,NA,NA,NA,"15,473,000",NA,"7,173,204,641","11,133,317,364"
Xtep International Holdings Limited,SEHK:1368,"74,060,568","1,220,335,757","439,000",NA,NA,NA,NA,"1,214,341",NA,"464,266,376",NA,NA,NA,NA,NA,"1,000,000",NA,NA,NA,NA,NA,NA,"1,230,059,500",NA
Duc Giang Chemicals Group Joint Stock Company,HOSE:DGC,"75,714,821","301,450,832","6,115,600",NA,NA,NA,NA,NA,NA,"38,781,134",NA,NA,NA,NA,NA,NA,NA,NA,NA,NA,NA,NA,"2,612,760",NA
China MeiDong Auto Holdings Limited,SEHK:1268,"707,402,000","638,845,201","10,635,666",NA,NA,NA,NA,"4,162,570",NA,"340,743,923",NA,NA,NA,"14,832,200",NA,NA,NA,NA,NA,NA,NA,NA,NA,NA
Thai Union Group Public Company Limited,SET:TU,"1,234,785,040","2,967,533,540","622,188",NA,NA,NA,"14,789,700","1,124,896",NA,"771,136,783",NA,NA,NA,NA,NA,NA,NA,NA,NA,NA,NA,"250,814,116",NA,NA
Philippine Seven Corporation,PSE:SEVN,"41,924,944","223,529,435",NA,NA,NA,NA,NA,NA,NA,"116,889,470","17,342,411",NA,NA,NA,NA,NA,NA,NA,NA,NA,"243,563",NA,"69,310,334","421,410,007"
Glenmark Pharmaceuticals Limited,NSEI:GLENMARK,"10,685,508","138,151,892","6,364,694",NA,NA,NA,NA,NA,NA,"81,382,417","128,325",NA,NA,"4,131,378",NA,"192,850",NA,NA,NA,NA,NA,"358,820","132,991,936",NA
Rojukiss International Public Company Limited,SET:KISS,"110,319,460","207,950,462","79,338",NA,NA,NA,NA,NA,"9,749,600","304,200",NA,NA,NA,NA,NA,NA,NA,NA,NA,NA,NA,NA,"281,740,078",NA
Phu Nhuan Jewelry Joint Stock Company,HOSE:PNJ,"89,368,812","244,980,984","2,967,218",NA,NA,NA,NA,NA,NA,"161,937,914",NA,NA,NA,NA,NA,NA,NA,NA,NA,NA,NA,NA,"209,825",NA
VSTECS Holdings Limited,SEHK:856,"600,364,400","584,313,600","6,450,915",NA,NA,NA,NA,NA,NA,"386,899,267",NA,NA,NA,"4,000",NA,"454,000",NA,NA,NA,NA,NA,NA,NA,"252,211,998"
PT Medikaloka Hermina Tbk,IDX:HEAL,"9,464,581,779","4,210,970,656",NA,NA,NA,NA,NA,NA,NA,"662,969,691",NA,NA,NA,NA,NA,NA,NA,NA,NA,NA,NA,NA,NA,"1,110,824,000"
Nam Long Investment Corporation,HOSE:NLG,"83,463,307","277,053,188","8,830,200",NA,NA,NA,NA,NA,NA,"102,483,668",NA,NA,NA,NA,NA,NA,NA,NA,NA,NA,NA,NA,"24,260,976",NA
PT Catur Sentosa Adiprana Tbk,IDX:CSAP,"329,541,442","461,354,714",NA,NA,NA,NA,NA,NA,NA,"17,806,300",NA,NA,NA,NA,NA,NA,"1,317,370,188",NA,NA,NA,NA,NA,"1,819,108,716","1,755,800,091"
Huhtamaki India Limited,BSE:509820,"6,303,703","17,756,958","925,900",NA,NA,NA,NA,NA,NA,"737,429",NA,NA,NA,"2,413,258",NA,NA,NA,NA,NA,NA,NA,"307,276",NA,"51,153,997"
Time Technoplast Limited,NSEI:TIMETECHNO,"17,864,537","107,102,759",NA,NA,NA,NA,NA,NA,NA,"26,912,202",NA,NA,NA,"11,829,371",NA,NA,NA,NA,NA,NA,NA,"10,024","101,951,746",NA
FPT Corporation,HOSE:FPT,"158,021,656","987,953,259","30,409,727",NA,"18,410,503",NA,NA,NA,NA,"376,993,723",NA,NA,NA,"104,704",NA,NA,NA,NA,"73,032,620",NA,NA,NA,"50,961,340",NA
Prism Johnson Limited,BSE:500338,"68,250,923","210,171,733","92,638,460",NA,NA,NA,NA,NA,NA,"47,988,876",NA,NA,NA,NA,NA,NA,NA,NA,NA,NA,NA,"3,546,138","221,387,786",NA
PT Pakuwon Jati Tbk,IDX:PWON,"11,739,040","15,066,832,860","92,108,992",NA,NA,NA,NA,NA,NA,"6,305,947,704",NA,NA,NA,NA,NA,NA,NA,NA,NA,NA,NA,NA,"33,081,030,500",NA
PT Bank BTPN Syariah Tbk,IDX:BTPS,"721,700","2,309,772,200","20,573,578",NA,NA,NA,NA,NA,NA,"881,401,918",NA,NA,NA,"46,419,100",NA,NA,NA,NA,NA,NA,NA,NA,NA,"5,392,590,000"
CESC Limited,NSEI:CESC,"2,844,500","654,725,321","29,025,140",NA,NA,NA,NA,NA,NA,"358,463,746",NA,NA,NA,NA,NA,NA,NA,NA,NA,NA,NA,"5,447,409","605,306,640","57,246,560"
Arvind Limited,BSE:500101,"1,617,438","146,783,078","3,600,000",NA,NA,NA,NA,NA,NA,"52,301,530",NA,NA,NA,"3,854,170",NA,NA,NA,NA,NA,NA,"4,327,317","1,308,914","103,466,256","4,127,471"
Jubilant Pharmova Limited,BSE:530019,"12,550,425","52,852,798","6,213,060",NA,NA,NA,NA,NA,NA,"9,764,722",NA,NA,NA,"1,912,681",NA,NA,"11,939,881",NA,NA,NA,"931,894","1,983,053","78,813,631",NA
PT Ace Hardware Indonesia Tbk,IDX:ACES,"2,807,100","6,832,682,600","241,746,822",NA,NA,NA,NA,NA,NA,"1,626,037,262",NA,"4,800,000",NA,"700,000",NA,"37,670,000",NA,NA,NA,NA,NA,NA,"10,284,900,000",NA
Fu Shou Yuan International Group Limited,SEHK:1448,"233,006,904","1,234,696,518","20,595,441",NA,NA,NA,NA,NA,"151,482,000","299,795,595",NA,NA,NA,"2,661,500",NA,NA,NA,NA,NA,NA,NA,NA,"803,360,000",NA
LG Uplus Corp.,KOSE:A032640,"62,800","265,342,177","3,459,943",NA,NA,NA,NA,"28,673,622",NA,"94,306,331",NA,NA,NA,"64,369",NA,"11,112",NA,NA,NA,NA,"1,000",NA,NA,"164,422,375"
Blue Moon Group Holdings Limited,SEHK:6993,"4,449,569,000","868,501,906","6,816,573",NA,NA,NA,NA,NA,NA,"44,152,745",NA,NA,NA,NA,NA,NA,NA,"544,922,500",NA,NA,NA,NA,NA,NA
ITEQ Corporation,TWSE:6213,"5,609,636","192,621,629","4,643,250",NA,NA,NA,NA,NA,"17,282,403","20,692,664",NA,NA,NA,"219,000",NA,"8,767,271",NA,NA,NA,NA,NA,NA,"87,151,995","77,573,958"
Sea Limited,NYSE:SE,"87,952,064","278,384,082","30,847,341","209,232","950,148","31,550","2,125,655","5,269,725","100,787","186,300,448","151,732",NA,NA,"72,082,481","984,482","8,344,553",NA,NA,NA,NA,NA,"45,575","13,019,103","104,264,743"
Ramkhamhaeng Hospital Public Company Limited,SET:RAM,"221,226,300","257,829,545",NA,NA,NA,NA,NA,NA,NA,"16,967,146",NA,NA,NA,NA,NA,NA,NA,NA,NA,NA,NA,NA,"560,144,075","160,800,080"
PT Astra International Tbk,IDX:ASII,"15,709,000","20,179,589,100","83,879,924",NA,NA,NA,NA,"2,868,121",NA,"6,101,464,030",NA,NA,NA,"2,511,324",NA,"387,000",NA,NA,NA,NA,NA,NA,NA,"20,288,255,040"
Gemadept Corporation,HOSE:GMD,"1,925,457","303,973,100","70,000",NA,NA,NA,NA,NA,NA,"88,714,460",NA,NA,NA,NA,NA,NA,NA,NA,NA,NA,NA,NA,NA,NA
S.J.S. Enterprises Limited,NSEI:SJS,"6,335,340","23,093,258","416,073",NA,NA,NA,NA,NA,NA,"13,115,117",NA,NA,NA,NA,NA,NA,NA,NA,NA,NA,NA,NA,"1,609,306",NA
Aditya Birla Capital Limited,NSEI:ABCAPITAL,"7,016,877","802,022,254","3,914,455",NA,NA,"925,687",NA,NA,NA,"174,384,846",NA,NA,NA,"5,078",NA,"192,974,651",NA,NA,NA,NA,NA,"13,049","260,346,048","1,530,563,524"
Triple i Logistics Public Company Limited,SET:III,"263,962,885","518,790,235",NA,NA,NA,NA,NA,NA,NA,"10,654,664",NA,NA,NA,NA,NA,NA,NA,NA,NA,NA,NA,NA,NA,NA
PT GoTo Gojek Tokopedia Tbk,IDX:GOTO,"43,728,305,722","683,181,503,092","2,808,428,560",NA,NA,NA,NA,"284,008,100",NA,"77,375,638,237",NA,NA,NA,"49,177,242",NA,NA,NA,NA,NA,NA,"67,684,166,155","65,502,428,625","118,448,797,869","104,731,124,993"
EC Healthcare,SEHK:2138,"726,484,726","458,726,539","2,912,819",NA,"11,506,792",NA,NA,NA,NA,"123,294,903",NA,NA,NA,"1,266,386",NA,"19,231,639",NA,NA,NA,NA,NA,NA,NA,NA
Shangri-La Asia Limited,SEHK:69,"93,365,885","980,963,750","17,954,316",NA,NA,NA,NA,"416,000",NA,"299,393,726",NA,NA,NA,NA,NA,"38,000",NA,NA,NA,NA,NA,NA,"2,448,692,439","39,405,927"
One97 Communications Limited,NSEI:PAYTM,"124,743,548","160,868,420","2,242,466",NA,NA,NA,NA,"11,212,232",NA,"85,826,660","17,000",NA,NA,"208,644",NA,"29,180,478",NA,"155,953,615",NA,NA,NA,"2,086","125,554,043","68,025,757"
Impro Precision Industries Limited,SEHK:1286,"1,357,957,787","334,468,101",NA,NA,NA,NA,NA,NA,NA,"166,706,051",NA,NA,NA,NA,NA,NA,NA,"104,205,123",NA,NA,NA,NA,"90,654,654",NA
SCGJWD Logistics Public Company Limited,SET:SJWD,"577,161,779","457,052,226","12,973,766",NA,NA,NA,NA,NA,NA,"12,574,558",NA,NA,NA,NA,NA,NA,NA,NA,NA,NA,NA,NA,NA,"776,806,301"
NSL Foods Public Company Limited,SET:NSL,"219,057,300","80,942,700","3,973,965",NA,NA,NA,NA,NA,"2,659,200","372,158",NA,NA,NA,NA,NA,NA,NA,NA,NA,NA,NA,NA,NA,NA
PT Jasa Marga (Persero) Tbk,IDX:JSMR,"1,967,900","1,752,423,635","132,078,155",NA,NA,NA,NA,NA,"159,509,900","227,819,710",NA,NA,NA,NA,NA,"10,034,900",NA,NA,NA,NA,NA,"5,080,509,840","422,969,825",NA
Mega Lifesciences Public Company Limited,SET:MEGA,"527,748,413","344,121,095","46,779,512",NA,NA,NA,NA,NA,NA,"100,071,054",NA,"134,000",NA,NA,NA,NA,NA,NA,NA,NA,NA,NA,NA,NA
PT Global Digital Niaga Tbk,IDX:BELI,"240,717,060","21,370,311,711","281,004,968",NA,"53,039,300",NA,NA,NA,NA,"26,350,596",NA,NA,NA,NA,NA,NA,NA,NA,NA,NA,NA,NA,"99,155,152,000",NA
Taiwan Paiho Limited,TWSE:9938,"26,357,550","251,236,594","4,086,492",NA,NA,NA,NA,NA,"23,363,000","35,170,672",NA,NA,NA,NA,NA,NA,NA,NA,NA,NA,NA,NA,"20,369,856",NA
"Hanssem Co., Ltd.",KOSE:A009240,"15,545","5,840,031","13,924",NA,NA,NA,NA,"1,269,327",NA,"760,254",NA,NA,NA,NA,NA,112,"2,279,645",NA,NA,NA,"4,190",NA,"8,460,911",NA
PLDT Inc.,PSE:TEL,"1,577,294","80,112,859","2,041,469",NA,NA,NA,"169,299","328,545","288,000","15,754,194",NA,NA,NA,"2,705,273",NA,"86,723",NA,NA,NA,NA,NA,"9,798,081","27,101,165","97,516,476"
FPT Securities Joint Stock Company,HOSE:FTS,"5,704,627","114,813,778",NA,NA,NA,NA,NA,NA,NA,"8,180,371",NA,NA,NA,NA,NA,NA,NA,NA,NA,NA,NA,NA,NA,"94,046,582"
Malaysia Airports Holdings Berhad,KLSE:AIRPORT,NA,"972,282,550","17,272,700",NA,"10,934,835",NA,NA,"240,550,033",NA,"291,114,422",NA,NA,NA,"422,388","29,473,019","9,600",NA,NA,"653,014,374",NA,NA,"28,164,104","6,164,834","8,928,570"
"The Nature Holdings Co., Ltd.",KOSDAQ:A298540,"3,301,897","9,009,331","390,755",NA,NA,NA,NA,"956,639",NA,"2,297,246",NA,NA,NA,NA,NA,NA,NA,NA,NA,NA,"39,848",NA,"2,400,000",NA
Modern Dental Group Limited,SEHK:3600,"165,379,302","311,459,435",NA,NA,NA,NA,NA,NA,NA,"28,719,395",NA,NA,NA,NA,NA,"66,012",NA,NA,NA,NA,NA,NA,"470,459,263",NA
Upson International Corp.,PSE:UPSON,"2,445,580,300","294,094,000",NA,NA,NA,NA,NA,NA,NA,NA,NA,NA,NA,NA,NA,NA,"385,327,000",NA,NA,NA,NA,NA,NA,NA
Susco Public Company Limited,SET:SUSCO,"343,202,460","656,787,596",NA,NA,NA,NA,NA,NA,"12,841,000","21,698,511",NA,NA,NA,NA,NA,NA,NA,NA,NA,NA,NA,NA,NA,NA
PT Ultrajaya Milk Industry & Trading Company Tbk,IDX:ULTJ,"4,066,384,160","3,859,486,780","1,633,279,418",NA,NA,NA,NA,NA,NA,"310,848,002",NA,NA,NA,NA,NA,NA,NA,NA,NA,NA,NA,NA,"2,472,304,260",NA
Shriram Finance Limited,BSE:511218,NA,"272,991,118","20,897,845",NA,"7,840,080",NA,NA,"483,618",NA,"140,565,879","160,000",NA,NA,"4,619,204",NA,"207,321",NA,NA,NA,NA,NA,"22,449,022","80,269,617",NA
PT Midi Utama Indonesia Tbk,IDX:MIDI,"224,460,000","7,435,361,800",NA,NA,NA,NA,NA,NA,NA,"106,561,900",NA,NA,NA,NA,NA,NA,NA,NA,NA,NA,NA,NA,"25,775,473,000",NA
"Cebu Air, Inc.",PSE:CEB,"4,122,378","209,577,458","7,807,561",NA,NA,NA,NA,NA,NA,"48,139,905",NA,NA,NA,NA,NA,"3,000,000",NA,NA,NA,NA,"880,000",NA,NA,"407,412,031"
"Zinus, Inc",KOSE:A013890,"1,411,297","11,024,036","641,117",NA,NA,NA,NA,"831,852",NA,"1,657,712",NA,NA,NA,NA,NA,138,NA,NA,NA,NA,NA,NA,NA,"7,688,938"
Lungyen Life Service Corporation,TPEX:5530,NA,NA,"3,310,084",NA,NA,NA,NA,NA,NA,"11,063,105",NA,NA,NA,NA,NA,"2,999",NA,NA,NA,NA,NA,NA,NA,NA
MakeMyTrip Limited,NasdaqGS:MMYT,"3,109,875","53,127,337","344,659",NA,NA,"40,353","60,962","562,049",NA,"46,048,419",NA,NA,NA,"4,927,248",922,NA,NA,NA,NA,NA,NA,NA,"2,386,028","50,441,605"
FPT Digital Retail Joint Stock Company,HOSE:FRT,"252,138","135,990,251","2,661,000",NA,NA,NA,NA,NA,NA,"27,012,431",NA,NA,NA,NA,NA,NA,NA,NA,NA,NA,NA,NA,NA,NA
Premier Marketing Public Company Limited,SET:PM,"62,450,000","222,301,800",NA,NA,"3,564,800",NA,NA,NA,NA,"5,565,034",NA,NA,NA,NA,NA,NA,NA,NA,NA,NA,NA,NA,NA,"273,368,200"
Banpu Public Company Limited,SET:BANPU,"345,369,033","8,632,610,194","2,035,100",NA,NA,NA,NA,"3,263,514",NA,"1,301,299,616",NA,NA,NA,NA,NA,NA,NA,NA,NA,NA,NA,NA,"1,040,923,498",NA
Supalai Public Company Limited,SET:SPALI,"700,515,694","1,226,840,711","4,667,723",NA,NA,NA,NA,NA,NA,"346,911,344",NA,NA,NA,"2,593,949",NA,NA,NA,NA,NA,NA,NA,"25,697,625",NA,NA
RS Public Company Limited,SET:RS,"363,966,563","705,778,930",NA,NA,NA,NA,NA,NA,NA,"198,469,432",NA,NA,NA,NA,NA,NA,NA,NA,NA,NA,NA,NA,NA,NA
Hoa Sen Group,HOSE:HSG,"107,744,014","508,238,295","10,610,000",NA,NA,NA,NA,NA,NA,"80,561,263",NA,NA,NA,6,NA,NA,NA,NA,NA,NA,NA,NA,NA,NA
China State Construction International Holdings Limited,SEHK:3311,"6,441,463","1,463,374,336","548,000",NA,NA,NA,NA,"5,761,239",NA,"502,331,230",NA,NA,NA,"754,300",NA,NA,NA,NA,"302,824,733",NA,NA,NA,"3,264,976,136",NA
"111, Inc.",NasdaqGM:YI,"39,091,910","32,613,360","1,100,165",NA,NA,NA,"3,963",NA,NA,"221,032",NA,NA,NA,"650,399",NA,"4,572,698",NA,"7,924,132",NA,NA,NA,NA,"4,363,839",NA
Kasikornbank Public Company Limited,SET:KBANK,"4,699,455","2,310,401,738","68,639,935",NA,NA,NA,NA,"7,208,900",NA,"613,903,376","309,102",NA,NA,"2,050,000",NA,NA,NA,NA,NA,NA,NA,"54,226,400",NA,NA
City Developments Limited,SGX:C09,"397,226","380,308,675","6,636,897","4,301,106",NA,NA,"102,422","1,602,266",NA,"125,628,919","37,000","99,500",NA,"36,543",NA,"18,100",NA,NA,NA,NA,NA,NA,"526,195,429",NA
Duopharma Biotech Berhad,KLSE:DPHARMA,"2,684,920","455,757,168",NA,NA,NA,"18,283,500",NA,"94,810,436","3,089,900","54,808,896",NA,NA,NA,NA,NA,"11,326,538",NA,NA,"488,431,565",NA,NA,NA,"15,068,798",NA
PT Cardig Aero Services Tbk,IDX:CASS,"5,500,000","353,514,900",NA,NA,NA,NA,NA,NA,NA,"671,100",NA,NA,NA,NA,NA,NA,NA,NA,NA,NA,NA,NA,"858,714,300","869,220,800"
"San Miguel Food and Beverage, Inc.",PSE:FB,"604,700","642,750,520",NA,NA,NA,NA,NA,NA,NA,"3,287,360",NA,NA,NA,NA,NA,NA,NA,NA,NA,NA,"271,030",NA,"20,511,400","5,245,082,440"
PRTR Group Public Company Limited,SET:PRTR,"335,158,200","174,841,800",NA,NA,NA,NA,NA,NA,NA,NA,NA,NA,NA,NA,NA,NA,NA,NA,NA,NA,NA,NA,NA,"90,000,000"
IndoStar Capital Finance Limited,NSEI:INDOSTAR,"3,379,834","30,641,235",NA,NA,NA,NA,NA,NA,NA,"3,229,582","76,482,638",NA,NA,NA,NA,NA,NA,NA,NA,NA,NA,NA,"25,575,588",NA
PT M Cash Integrasi Tbk,IDX:MCAS,"124,725,700","429,227,200",NA,NA,NA,NA,NA,NA,NA,"203,345,599",NA,NA,NA,NA,NA,NA,NA,NA,NA,NA,NA,NA,"241,666,500",NA
China Modern Dairy Holdings Ltd.,SEHK:1117,"153,663","2,959,674,336","9,834,091",NA,NA,NA,NA,NA,NA,"296,004,928",NA,NA,NA,"1,907,352",NA,NA,NA,NA,NA,NA,NA,NA,"1,036,845,763","3,918,988,286"
Kingsoft Corporation Limited,SEHK:3888,"271,328,698","918,172,950","17,714,217",NA,NA,NA,NA,"70,924,760",NA,"466,354,348",NA,NA,NA,"1,447,148",NA,"10,600",NA,NA,NA,NA,NA,NA,NA,"145,123,372"
Kolte-Patil Developers Limited,NSEI:KOLTEPATIL,"56,640,670","19,351,845","1,143,683",NA,NA,NA,NA,NA,NA,"6,514,332",NA,NA,NA,NA,NA,NA,NA,NA,NA,NA,NA,"11,894",NA,NA
Marksans Pharma Limited,NSEI:MARKSANS,"203,714,733","199,423,225",NA,NA,NA,NA,NA,NA,NA,"29,341,790",NA,NA,NA,NA,NA,NA,NA,"49,324,324",NA,NA,NA,"701,464",NA,NA
IOL Chemicals and Pharmaceuticals Limited,BSE:524164,"2,350,531","18,365,382",NA,NA,NA,NA,NA,NA,NA,"1,319,889",NA,NA,NA,NA,NA,NA,NA,NA,NA,NA,NA,NA,"37,989,589",NA
"Apex International Co., Ltd.",TWSE:4927,"14,241,391","175,696,597","2,692,446",NA,NA,NA,NA,NA,NA,"22,673,386",NA,NA,NA,"1,400",NA,NA,NA,NA,NA,NA,NA,NA,NA,NA
Central Pattana Public Company Limited,SET:CPN,"217,791,349","3,033,107,003","23,039,081",NA,NA,NA,NA,"816,620",NA,"521,312,158",NA,NA,NA,"9,391",NA,NA,NA,NA,NA,NA,NA,"60,757,688","1,176,343,960",NA
"IMAX China Holding, Inc.",SEHK:1970,"2,822,998","92,995,261","1,580,981",NA,NA,NA,NA,NA,NA,"11,403,155",NA,NA,NA,NA,NA,NA,NA,NA,NA,NA,NA,NA,NA,"243,262,600"
IDICO Corporation - JSC,HNX:IDC,NA,"314,815,929",NA,NA,NA,NA,NA,NA,NA,"22,689,958",NA,NA,NA,NA,NA,NA,NA,NA,NA,NA,NA,NA,"15,184,000",NA
United Paper Public Company Limited,SET:UTP,"281,611,900","257,092,870","11,349,752",NA,NA,NA,NA,NA,NA,"37,260,667",NA,NA,NA,NA,NA,NA,NA,NA,NA,NA,NA,NA,"111,295,230",NA
PT Hartadinata Abadi Tbk,IDX:HRTA,"23,292,200","1,312,362,200",NA,NA,NA,NA,NA,NA,NA,"89,849,700",NA,NA,NA,NA,NA,NA,NA,NA,NA,NA,NA,NA,"3,269,608,000",NA
Q & M Dental Group (Singapore) Limited,SGX:QC7,"50,331,888","305,977,705","8,481,000",NA,NA,NA,NA,NA,NA,"3,972,865",NA,NA,NA,NA,NA,NA,NA,"64,132,538",NA,NA,NA,NA,"526,000,809",NA
Concepcion Industrial Corporation,PSE:CIC,"14,444,408","109,070,843","173,160",NA,NA,NA,NA,NA,NA,"35,201,680",NA,NA,NA,NA,NA,NA,NA,NA,NA,NA,NA,NA,"274,397,240",NA
Bank of the Philippine Islands,PSE:BPI,"22,692,267","2,187,227,820","66,074,662",NA,"2,905,959","357,297,439",NA,"5,620,457","4,554,911","487,162,088",NA,NA,NA,"175,016","26,212,330",NA,NA,NA,NA,NA,"56,950,036","4,679,054","2,468,326,417","162,028,250"
PT Sumber Alfaria Trijaya Tbk,IDX:AMRT,"595,559,800","18,843,955,841","41,932,868",NA,NA,NA,NA,"38,273,380",NA,"3,359,491,808",NA,NA,NA,"9,182,116",NA,"260,000",NA,NA,NA,NA,NA,NA,"22,084,986,059",NA
"D&L Industries, Inc.",PSE:DNL,"128,140,740","2,078,647,146","79,889,515",NA,NA,NA,NA,NA,NA,"362,260,557",NA,NA,NA,NA,NA,NA,NA,NA,NA,NA,"13,564,370",NA,"4,922,505,734",NA
SCG Packaging Public Company Limited,SET:SCGP,"1,042","1,082,473,012","7,597,992",NA,NA,NA,NA,"522,573",NA,"209,836,059",NA,NA,NA,"7,554",NA,NA,NA,NA,NA,NA,NA,"50,064,586","64,498,900","3,095,882,660"
Kingboard Laminates Holdings Limited,SEHK:1888,"18,948,000","799,618,000","12,492,086",NA,NA,NA,NA,"5,866,648",NA,"407,326,608",NA,NA,NA,NA,NA,NA,NA,NA,NA,NA,NA,NA,NA,"2,301,434,000"
Triveni Engineering & Industries Limited,NSEI:TRIVENI,"63,780,316","75,345,092",NA,NA,NA,NA,"3,000,000",NA,NA,"21,406,831",NA,NA,NA,NA,NA,NA,NA,NA,NA,NA,NA,"95,484","79,677,076",NA
China Lesso Group Holdings Limited,SEHK:2128,"2,148,292,000","954,126,400","12,056,835",NA,NA,NA,"1,037,000","3,003,561",NA,"339,265,323",NA,NA,NA,"27,000",NA,NA,NA,NA,NA,NA,NA,NA,NA,NA
"Figaro Coffee Group, Inc.",PSE:FCG,9,"1,289,353,999",NA,NA,NA,NA,NA,NA,NA,NA,NA,NA,NA,NA,NA,NA,NA,NA,NA,NA,NA,NA,"3,358,832,995","820,268,295"
"Value Added Technology Co., Ltd.",KOSDAQ:A043150,"1,069,745","6,897,003","86,385",NA,NA,NA,NA,NA,NA,"2,601,671",NA,NA,NA,NA,NA,NA,NA,NA,NA,NA,NA,NA,"6,887,508",NA
Asia Aviation Public Company Limited,SET:AAV,"2,318,739,737","5,300,643,589","79,037,949",NA,NA,NA,NA,NA,NA,"1,074,894,394",NA,NA,NA,NA,NA,NA,NA,NA,NA,NA,NA,NA,NA,"5,230,616,671"
PT Summarecon Agung Tbk,IDX:SMRA,"268,811,938","10,654,588,504","563,006,866",NA,NA,NA,NA,NA,NA,"1,445,273,121",NA,NA,NA,NA,NA,NA,NA,NA,NA,NA,NA,NA,"5,585,167,916",NA
Union Bank of the Philippines,PSE:UBP,"60,123,588","1,021,930,525","867,223","10,417,475",NA,NA,NA,NA,NA,"31,011,511",NA,NA,NA,NA,NA,"3,765,865",NA,NA,NA,NA,NA,NA,"409,428,542","1,492,926,033"
CPN Retail Growth Leasehold REIT,SET:CPNREIT,NA,"1,572,220,463","64,072,393",NA,NA,NA,NA,NA,"26,168,066","208,188,553",NA,NA,NA,NA,NA,NA,NA,NA,NA,NA,NA,"180,723,500",NA,"815,090,037"
Hong Kong Technology Venture Company Limited,SEHK:1137,"26,503,424","482,066,841","20,177,090",NA,NA,NA,NA,NA,NA,"95,893,000",NA,NA,NA,NA,NA,NA,NA,NA,NA,NA,NA,NA,"379,975,516",NA
Minor International Public Company Limited,SET:MINT,"2,358,590,225","3,220,401,201","68,216,467",NA,NA,NA,NA,"1,327,113",NA,"804,956,099",NA,NA,NA,"3,878,772",NA,NA,NA,NA,NA,NA,NA,"90,985,551",NA,NA
CIMC Enric Holdings Limited,SEHK:3899,"5,588,334","651,673,043","23,078,912",NA,NA,NA,"360,000",NA,NA,"212,716,177",NA,NA,NA,"644,000",NA,NA,NA,NA,NA,NA,NA,NA,NA,"1,371,016,211"
Luk Fook Holdings (International) Limited,SEHK:590,"12,237,342","320,059,429","5,938,638",NA,NA,NA,NA,NA,NA,"174,882,879",NA,NA,NA,"1,520,000",NA,"8,000",NA,NA,NA,NA,NA,NA,"254,811,079",NA
ASMPT Limited,SEHK:522,"759,100","310,743,333","5,739,543",NA,NA,NA,"1,185","45,161",NA,"203,380,301",NA,"70,000",NA,"1,220,678","20,620,000","10,700",NA,NA,NA,NA,NA,NA,NA,"103,003,000"
360 One Wam Limited,NSEI:360ONE,"52,745,966","195,179,414","9,106,387",NA,NA,NA,NA,NA,NA,"104,954,789","320,000",NA,NA,"16,780,922",NA,"4,217,653",NA,NA,NA,NA,NA,"14,676","110,805,034",NA
"Converge Information and Communications Technology Solutions, Inc.",PSE:CNVRG,"223,106,346","2,246,049,441","23,590,247",NA,NA,NA,NA,NA,NA,"430,675,963",NA,"780,000",NA,NA,NA,NA,NA,NA,NA,NA,NA,NA,"4,797,417,274",NA
PT BFI Finance Indonesia Tbk,IDX:BFIN,"408,175,980","6,120,980,402","146,288,476",NA,NA,NA,NA,NA,NA,"737,688,734",NA,NA,NA,NA,NA,NA,"822,101,300",NA,NA,NA,NA,NA,"7,688,125,938",NA
PT Ciputra Development Tbk,IDX:CTRA,"15,786,778","8,637,784,479","511,342,127",NA,NA,NA,NA,NA,NA,"2,176,922,913",NA,NA,NA,"11,457,492",NA,"20,000,000",NA,NA,NA,NA,NA,NA,"9,882,123,998",NA
PT Indocement Tunggal Prakarsa Tbk,IDX:INTP,NA,"1,553,592,536",NA,NA,NA,NA,NA,NA,NA,"238,752,215",NA,NA,NA,"369,900",NA,"2,951,900",NA,NA,NA,NA,NA,NA,NA,"1,877,480,863"
"Century Pacific Food, Inc.",PSE:CNPF,"2,693,181","1,219,444,583","8,304,191",NA,NA,100,NA,NA,NA,"489,738,224",NA,"352,000",NA,"56,565,700",NA,NA,NA,NA,NA,NA,NA,NA,"2,320,120,831",NA
Tech Mahindra Limited,NSEI:TECHM,"330,161","531,634,076","13,987,843",NA,"26,104",NA,NA,"12,138,521",NA,"394,517,458","216,100",NA,NA,"1,275,925","192,678","992,405",NA,NA,NA,NA,NA,"7,663,842","94,239,703","248,463,703"
KT Corporation,KOSE:A030200,"526,327","207,248,235","19,203,419",NA,NA,NA,"1,446,738","21,493,132",NA,"75,886,687",NA,NA,NA,"3,953,251",NA,"116,710",NA,NA,NA,NA,"10,095,345",NA,"1,525","20,345,700"
Pou Chen Corporation,TWSE:9904,"154,138,026","2,177,081,426","41,695,291",NA,NA,NA,NA,"11,628,324","73,000,000","544,750,033",NA,NA,NA,"2,037,275",NA,NA,NA,NA,NA,NA,NA,NA,"615,567,761",NA
Aurobindo Pharma Limited,NSEI:AUROPHARMA,"89,697,010","280,876,793","2,191,063",NA,NA,NA,NA,"896,158",NA,"243,005,498","149,600",NA,NA,"198,103",NA,"1,884,030",NA,NA,NA,NA,NA,"814,303","214,550,503",NA
Glenmark Life Sciences Limited,NSEI:GLS,"8,800","21,013,422",NA,NA,NA,NA,NA,NA,NA,"3,171,416",NA,NA,NA,NA,NA,"1,750,000",NA,NA,NA,NA,NA,NA,NA,"101,504,950"
"GOLFZON Co., Ltd.",KOSDAQ:A215000,"1,023,671","3,723,954","116,221","75,775",NA,NA,NA,NA,NA,"1,056,863",NA,NA,NA,NA,NA,NA,NA,NA,NA,NA,NA,NA,NA,"1,381,501"
Chroma ATE Inc.,TWSE:2360,"61,420,952","362,076,906","14,584,848",NA,"13,059,000",NA,"116,000",NA,NA,"144,259,726",NA,NA,NA,"27,443",NA,NA,NA,NA,NA,NA,NA,NA,"212,000",NA
PT Bank Neo Commerce Tbk,IDX:BBYB,NA,"6,387,166,974","156,742,580",NA,NA,NA,NA,NA,NA,"415,972,501",NA,NA,NA,NA,NA,NA,NA,NA,NA,NA,NA,NA,"5,531,260,549",NA
Metropolitan Bank & Trust Company,PSE:MBT,"79,222,515","2,167,015,769","50,560,588","31,553,991",NA,NA,"510,680","9,688,012",NA,"394,188,573",NA,NA,NA,"570,710",NA,NA,NA,NA,NA,NA,NA,NA,"2,249,887,088",NA
Lakshmi Machine Works Limited,BSE:500252,"1,495,957","4,404,144","121,037",NA,NA,NA,NA,NA,"330,170","1,161,969",NA,NA,NA,NA,NA,NA,NA,NA,NA,NA,NA,"53,536","3,311,411","1,417,952"
Joint Stock Commercial Bank for Investment and Development of Vietnam,HOSE:BID,106,"5,700,435,794","8,538,392",NA,NA,NA,NA,NA,NA,"52,567,880",NA,NA,NA,NA,NA,NA,NA,NA,NA,NA,NA,NA,NA,NA
Axis Bank Limited,BSE:532215,"549,539","2,701,650,983","59,491,146",NA,"133,093,892",NA,"126,415","138,335,286",NA,"1,545,976,557","1,621,725",NA,NA,"138,748",NA,"43,641,792",NA,NA,NA,NA,NA,"67,513,541","70,820,000","244,860,645"
Value Partners Group Limited,SEHK:806,"443,304,762","1,383,405,069","10,536,520",NA,NA,NA,NA,NA,NA,"550,844,096",NA,NA,NA,NA,NA,NA,NA,NA,NA,NA,NA,NA,NA,NA
Star Petroleum Refining Public Company Limited,SET:SPRC,"1,368,100","1,708,645,369","4,730,882",NA,NA,NA,NA,NA,NA,"415,437,520",NA,NA,NA,NA,NA,NA,NA,NA,NA,NA,NA,NA,NA,"2,625,888,656"
MegaStudyEdu Co. Ltd,KOSDAQ:A215200,"3,599,472","7,314,459","72,207",NA,NA,NA,NA,"620,680",NA,"3,327,412",NA,NA,NA,"16,598",NA,NA,NA,NA,NA,NA,NA,NA,NA,"711,946"
Ekachai Medical Care Public Company Limited,SET:EKH,"316,982,540","356,845,850",NA,NA,NA,NA,NA,NA,"13,869,275","11,786,311",NA,NA,NA,9,NA,NA,NA,NA,NA,NA,NA,NA,NA,"36,361,465"
Sun Art Retail Group Limited,SEHK:6808,"68,334,202","1,963,703,917","26,188,470",NA,NA,NA,NA,NA,NA,"478,610,228",NA,NA,NA,"2,000,000",NA,NA,NA,"480,369,231",NA,NA,NA,NA,NA,"7,027,297,350"
ReNew Energy Global Plc,NasdaqGS:RNW,"8,159,268","50,367,986","3,417,483",NA,1,NA,"16,442","195,101,145",NA,"45,492,935",NA,NA,NA,"20,935,394","6,615","999,034",NA,NA,"58,170,916",NA,NA,NA,"33,464,289",NA
"Ray Co., Ltd.",KOSDAQ:A228670,"1,583,860","10,835,075",NA,NA,NA,NA,NA,"991,354",NA,"2,978,340",NA,NA,NA,NA,NA,NA,NA,NA,NA,NA,"7,142",NA,"2,857,966",NA
PT Matahari Putra Prima Tbk,IDX:MPPA,NA,"4,234,793,597",NA,NA,NA,NA,NA,NA,NA,"37,358,041",NA,NA,NA,NA,NA,NA,NA,NA,NA,NA,NA,NA,"1,148,862,825","7,582,983,662"
"Wilcon Depot, Inc.",PSE:WLCON,"27,536,600","1,391,869,600","29,430,918",NA,NA,NA,NA,NA,NA,"357,058,830",NA,NA,NA,NA,NA,NA,NA,NA,NA,NA,NA,NA,"2,680,317,916",NA
PT Bank Tabungan Negara (Persero) Tbk,IDX:BBTN,"20,134,691","5,593,643,074","100,358,917",NA,NA,NA,NA,NA,NA,"777,620,258",NA,NA,NA,NA,NA,NA,NA,NA,NA,NA,NA,"8,420,666,648",NA,NA
Apollo Tyres Limited,NSEI:APOLLOTYRE,"16,493,310","276,287,976","11,581,312",NA,NA,NA,NA,NA,"6,751,013","189,874,997",NA,NA,NA,"57,207",NA,"1,464,282",NA,NA,NA,NA,NA,"21,623,913","319,711,262","984,485"
Powertech Technology Inc.,TWSE:6239,"4,868,906","664,793,157","12,388,552",NA,NA,NA,NA,"18,736,300","34,077,000","297,859,040",NA,NA,NA,"603,207",NA,NA,NA,NA,NA,NA,NA,NA,"65,884,571","11,800,000"
Home First Finance Company India Limited,NSEI:HOMEFIRST,"804,338","45,082,943","2,893,429",NA,NA,NA,NA,NA,NA,"17,218,411","296,500",NA,NA,"934,312","1,110,205",NA,NA,"12,547,690",NA,NA,NA,NA,"30,059,498",NA
Borosil Renewables Limited,BSE:502219,"10,727,607","47,236,230","140,182",NA,NA,NA,NA,NA,NA,"4,462,389",NA,NA,NA,NA,NA,"2,781,867",NA,NA,NA,NA,NA,"2,831,874","69,742,084",NA
Ngern Tid Lor Public Company Limited,SET:TIDLOR,"6,031,304","1,323,382,459","36,736,312",NA,NA,NA,NA,NA,NA,"245,632,608",NA,NA,NA,NA,NA,NA,NA,NA,NA,NA,NA,NA,"637,204,651","842,861,891"
Index Living Mall Public Company Limited,SET:ILM,"204,494,220","97,195,780","9,930,395",NA,NA,NA,NA,NA,NA,"7,249,627",NA,NA,NA,NA,NA,NA,NA,NA,NA,NA,NA,NA,"203,310,000",NA
ISDN Holdings Limited,SGX:I07,"163,826,689","267,623,413","6,296,281",NA,NA,NA,NA,NA,NA,"4,065,144",NA,NA,NA,NA,NA,NA,NA,"38,280,107",NA,NA,NA,NA,NA,NA
"Eugene Technology Co.,Ltd.",KOSDAQ:A084370,"8,335,731","13,887,459","167,684",NA,NA,NA,NA,"1,113,909",NA,"4,670,698",NA,NA,NA,"8,216",NA,"55,057",NA,NA,NA,NA,NA,NA,NA,NA
Asia Commercial Joint Stock Bank,HOSE:ACB,"51,587,609","3,562,503,138","22,187,136",NA,NA,"48,105,373",NA,NA,NA,"260,682,265",NA,NA,NA,"139,400",NA,NA,NA,NA,NA,NA,NA,NA,"269,959,611",NA
SBI Cards and Payment Services Limited,NSEI:SBICARD,133,"297,084,729","9,709,198",NA,NA,NA,NA,"123,974",NA,"204,562,766",NA,NA,NA,"34,521",NA,NA,NA,NA,NA,NA,NA,"1,946",NA,"653,691,511"
Grab Holdings Limited,NasdaqGS:GRAB,"120,327,102","2,306,011,684","280,033,757",NA,"162,766",NA,"1,097,398","40,946,872","68,079","868,673,893",NA,NA,NA,"178,018,238","15,377,828","69,080,727",NA,"549,175,218",NA,NA,NA,"524,903","3,468","957,284,727"
Aditya Birla Sun Life AMC Limited,NSEI:ABSLAMC,"12,526","133,312,463","3,344,897",NA,NA,NA,NA,NA,NA,"109,092,570","270,000",NA,NA,NA,NA,NA,NA,NA,NA,NA,NA,NA,NA,"154,764,918"
MINISO Group Holding Limited,NYSE:MNSO,"215,075,928","93,516,788","8,908,815",NA,"75,149","9,550","43,472","6,540,993",NA,"45,950,582",NA,NA,NA,"14,311,020","99,600",NA,NA,NA,NA,NA,NA,NA,"14,783",NA
ITMAX System Berhad,KLSE:ITMAX,"110,402,200","350,406,200","2,723,900",NA,NA,NA,NA,"15,709,400",NA,"96,151,900",NA,NA,NA,NA,NA,"14,716,800",NA,NA,NA,NA,NA,"4,240,000","563,871,400",NA
"SM Prime Holdings, Inc.",PSE:SMPH,"3,667,518,747","10,023,042,543","26,340,973",NA,NA,NA,NA,"10,603,643",NA,"1,788,223,095",NA,NA,NA,"6,260,830",NA,NA,NA,NA,NA,NA,NA,NA,"750,178,345","14,415,260,365"
AllHome Corp.,PSE:HOME,"221,701","1,209,670,301","30,968,735",NA,NA,NA,NA,NA,NA,"163,617,893",NA,NA,NA,NA,NA,NA,NA,NA,NA,NA,NA,NA,"2,540,108,000",NA
Vincom Retail Joint Stock Company,HOSE:VRE,NA,NA,NA,NA,NA,NA,NA,NA,NA,"280,580,208",NA,NA,NA,NA,NA,NA,NA,NA,NA,NA,NA,NA,NA,NA
SCB X Public Company Limited,SET:SCB,"793,860,359","1,708,895,627","63,667,854",NA,NA,NA,NA,"343,868",NA,"1,130,993,026",NA,NA,NA,"2,912,033",NA,NA,NA,NA,NA,NA,NA,"79,053,100",NA,NA
CP ALL Public Company Limited,SET:CPALL,"14,346,038","5,538,380,054","159,808,242",NA,NA,NA,NA,"10,098,860",NA,"1,449,415,302",NA,NA,NA,"2,054,846",NA,"4,695,540",NA,NA,NA,NA,NA,"129,587,100","239,304,000","3,061,484,156"
East West Banking Corporation,PSE:EW,"29,841,842","461,374,678",NA,NA,NA,NA,NA,NA,NA,"17,187,042",NA,NA,NA,NA,NA,NA,NA,NA,NA,NA,NA,NA,"1,758,758,891",NA
PT Bank Central Asia Tbk,IDX:BBCA,"3,255,509,903","49,464,333,772","1,420,104,709",NA,"571,710,275",NA,"11,513,377","570,797,141",NA,"17,171,234,119",NA,NA,NA,"66,251,446",NA,"594,513,700",NA,NA,NA,NA,NA,"2,825,256,325","67,729,950,000",NA
Hi Sun Technology (China) Limited,SEHK:818,"1,007,576,636","1,737,262,199","5,690,930",NA,NA,NA,NA,NA,NA,"194,794,822",NA,NA,NA,NA,NA,NA,NA,NA,NA,NA,NA,NA,NA,NA
PT Adira Dinamika Multi Finance Tbk,IDX:ADMF,NA,"79,300,000",NA,NA,NA,NA,NA,NA,NA,"5,087,822",NA,NA,NA,NA,NA,NA,NA,NA,NA,NA,NA,NA,NA,"920,700,000"
Route Mobile Limited,NSEI:ROUTE,"36,414,306","26,374,151","972,904",NA,NA,NA,NA,NA,NA,"11,731,582",NA,NA,NA,"4,923,145","1,008,224",NA,NA,NA,NA,NA,0,75,NA,NA
Ajanta Pharma Limited,NSEI:AJANTPHARM,"36,926,744","42,283,779","337,823",NA,NA,NA,NA,NA,NA,"27,095,992","251,550",NA,NA,"6,994",NA,NA,NA,NA,NA,NA,NA,"113,155","46,591,977",NA
"Robinsons Retail Holdings, Inc.",PSE:RRHI,"247,836,868","403,151,227","2,021,040",NA,NA,NA,NA,NA,NA,"118,013,609",NA,NA,NA,"10,000",NA,NA,NA,NA,NA,NA,NA,NA,"491,299,997","315,309,308"
Digital China Holdings Limited,SEHK:861,"403,022,123","546,944,113","8,777,936",NA,NA,NA,NA,NA,NA,"173,628,171",NA,NA,NA,NA,NA,NA,NA,NA,NA,NA,NA,NA,"534,099,900","189,541,250"
Saregama India Limited,BSE:532163,"2,109,926","80,338,670","9,412,488",NA,NA,NA,NA,NA,NA,"14,629,517",NA,NA,NA,"4,816,254","5,678,770","6,487,475",NA,NA,NA,NA,NA,"802,790","108,056,954","501,600"
Srinanaporn Marketing Public Company Limited,SET:SNNP,"532,815,160","427,184,840",NA,NA,NA,NA,NA,NA,NA,"25,620,573",NA,NA,NA,NA,NA,NA,NA,NA,NA,NA,NA,NA,NA,NA
BIDV Securities Joint Stock Company,HOSE:BSI,NA,NA,NA,NA,NA,NA,NA,NA,NA,"7,783,456",NA,NA,NA,NA,NA,NA,NA,NA,NA,NA,NA,NA,NA,NA
"Changsha Broad Homes Industrial Group Co., Ltd.",SEHK:2163,"211,233,600","144,826,600",NA,NA,NA,NA,NA,NA,NA,"14,234,330",NA,NA,NA,"29,043,700",NA,NA,NA,"74,904,000",NA,NA,NA,NA,"55,261,800",NA
PT Bank Syariah Indonesia Tbk,IDX:BRIS,"32,810,300","4,542,849,328","70,686,694",NA,NA,NA,NA,NA,NA,"807,255,729",NA,NA,NA,NA,NA,NA,NA,NA,NA,NA,NA,1,NA,"41,553,600,509"
Asian Alliance International Public Company Limited,SET:AAI,"120,115,691","517,391,309","3,190,088",NA,NA,NA,NA,NA,"17,512,100","117,668,883",NA,NA,NA,NA,NA,NA,NA,NA,NA,NA,NA,NA,NA,"1,487,493,000"
Farm Fresh Berhad,KLSE:FFB,"34,199,000","783,718,212","24,247,133",NA,NA,"61,500,000",NA,"180,105,296",NA,"292,993,200",NA,NA,NA,NA,"72,204,180",NA,NA,NA,NA,NA,NA,NA,"1,054,002,825",NA
Phu Tai Joint Stock Company,HOSE:PTB,"10,307,159","56,631,244",NA,NA,NA,NA,NA,NA,NA,"4,438,094",NA,NA,NA,NA,NA,NA,NA,NA,NA,NA,NA,NA,NA,NA
Synnex (Thailand) Public Company Limited,SET:SYNEX,"7,915,299","216,640,031","7,209,880",NA,NA,NA,NA,NA,"4,061,600","22,882,768",NA,NA,NA,NA,NA,NA,NA,NA,NA,NA,NA,NA,NA,"622,805,876"
Saksiam Leasing Public Company Limited,SET:SAK,"1,433,564,200","512,435,800",NA,NA,NA,NA,NA,NA,NA,"18,467,137",NA,NA,NA,NA,NA,NA,NA,"150,000,000",NA,NA,NA,NA,NA,NA
InNature Berhad,KLSE:INNATURE,"3,854,900","194,053,900","7,786,159",NA,NA,"10,849,900",NA,"15,318,500","1,500,000","57,846,300",NA,NA,NA,NA,"5,626,500",NA,NA,NA,NA,NA,NA,"4,496,700","503,475,988",NA
"Shakey's Pizza Asia Ventures, Inc.",PSE:PIZZA,"55,298,815","327,808,233","4,444,541",NA,NA,NA,NA,NA,NA,"20,423,496",NA,NA,NA,NA,NA,NA,NA,NA,NA,NA,NA,NA,"1,300,653,130",NA
Sappe Public Company Limited,SET:SAPPE,"221,524,688","86,764,392",NA,NA,NA,NA,NA,NA,NA,"9,183,462",NA,NA,NA,"255,631",NA,NA,NA,NA,NA,NA,NA,NA,NA,NA
KPIT Technologies Limited,NSEI:KPITTECH,"19,666,754","159,567,613","1,451,985",NA,"2,959,834",NA,"53,876",NA,NA,"55,109,580","260,000",NA,NA,"307,968",NA,"12,569,401",NA,NA,NA,NA,NA,"175,113","91,603,520",NA
Somany Ceramics Limited,BSE:531548,"6,101,099","14,960,630",NA,NA,NA,NA,NA,NA,NA,"10,477,346",NA,NA,NA,NA,NA,NA,NA,NA,NA,NA,NA,"198,065","19,743,826",NA
Newgen Software Technologies Limited,NSEI:NEWGEN,"78,772,970","53,060,404",NA,NA,NA,NA,NA,NA,NA,"13,095,912",NA,NA,NA,NA,"1,684,806","7,245,644",NA,"7,705,278",NA,NA,NA,NA,100,NA
PT Harum Energy Tbk,IDX:HRUM,"2,000,000","2,515,372,500",NA,NA,NA,NA,NA,NA,NA,"144,616,993",NA,NA,NA,NA,NA,NA,NA,NA,NA,NA,NA,NA,"10,798,874,000",NA
Ha Do Group Joint Stock Company,HOSE:HDG,"18,272,143","287,484,698","26,237,005",NA,NA,NA,NA,NA,NA,"17,467,413",NA,NA,NA,NA,NA,NA,NA,NA,NA,NA,NA,NA,NA,NA
Netbay Public Company Limited,SET:NETBAY,0,"138,200,000","4,306,973",NA,NA,NA,NA,NA,"10,149,900","14,200,482",NA,NA,NA,"1,700",NA,NA,NA,NA,NA,NA,NA,NA,NA,"61,800,000"
KCG Corporation Public Company Limited,SET:KCG,"95,040,000","165,560,000",NA,NA,NA,NA,NA,NA,NA,"14,362,300",NA,NA,NA,NA,NA,NA,NA,NA,NA,NA,NA,NA,"284,400,000",NA
Ratchthani Leasing Public Company Limited,SET:THANI,"131,154,229","1,944,971,312","41,451,408",NA,NA,NA,NA,NA,NA,"280,394,803",NA,NA,NA,NA,NA,NA,NA,NA,NA,NA,NA,NA,"154,821,837","3,432,080,821"
P.S.P. Specialties Public Company Limited,SET:PSP,"609,798,000","790,202,000",NA,NA,NA,NA,NA,NA,NA,NA,NA,NA,NA,NA,NA,NA,NA,NA,NA,NA,NA,NA,NA,NA
The Erawan Group Public Company Limited,SET:ERW,"235,048,312","2,545,747,566",59,NA,NA,NA,NA,NA,NA,"324,735,927",NA,NA,NA,NA,NA,NA,NA,NA,NA,NA,NA,NA,"1,750,763,855",NA
Amata VN Public Company Limited,SET:AMATAV,"59,898,084","170,964,136",NA,NA,NA,NA,NA,NA,NA,"38,439,340",NA,NA,NA,NA,NA,NA,NA,NA,NA,NA,NA,NA,NA,"704,137,780"
PT Industri Jamu dan Farmasi Sido Muncul Tbk,IDX:SIDO,"4,450,018","6,717,267,540","152,036,946",NA,NA,NA,NA,NA,NA,"1,108,849,609",NA,"1,500,000",NA,"7,768,447",NA,NA,NA,"5,140,877,862",NA,NA,NA,NA,"18,137,404,580",NA
PT Cisarua Mountain Dairy Tbk,IDX:CMRY,"5,965,562,100","1,521,343,122","27,617,469",NA,NA,NA,NA,NA,NA,"181,078,894",NA,NA,NA,"7,924,759",NA,NA,NA,"447,777,778",NA,NA,NA,NA,NA,NA
Military Commercial Joint Stock Bank,HOSE:MBB,"5,260,601","5,208,823,451","26,793,297",NA,NA,"38,978,479",NA,NA,NA,"543,160,257",NA,NA,NA,"237,000",NA,NA,NA,NA,NA,NA,NA,NA,NA,NA
Samsonite International S.A.,SEHK:1910,"61,516,241","1,388,660,609","28,876,164",NA,NA,NA,"454,520","2,124,390",NA,"843,097,586",NA,NA,NA,"2,082,719",NA,"32,711,866",NA,NA,NA,NA,NA,NA,NA,NA
Mobile World Investment Corporation,HOSE:MWG,"240,547,460","1,189,581,410","21,256,239",NA,NA,NA,NA,NA,NA,"408,557,888",NA,"85,000",NA,NA,NA,NA,NA,NA,NA,NA,NA,NA,"32,269,518",NA
Innodisk Corporation,TPEX:5289,NA,NA,"79,863",NA,NA,NA,"100,977",NA,NA,"22,475,549",NA,NA,NA,NA,NA,NA,NA,NA,NA,NA,NA,NA,NA,NA
"Abko Co., Ltd.",KOSDAQ:A129890,"19,426,765","30,974,550",NA,NA,NA,NA,NA,NA,NA,"201,925",NA,NA,NA,NA,NA,NA,NA,NA,NA,NA,NA,NA,NA,NA
Saigon Cargo Service Corporation,HOSE:SCS,"3,150,725","77,329,407",NA,NA,NA,NA,NA,NA,NA,"9,339,164",NA,NA,NA,NA,NA,NA,NA,NA,NA,NA,NA,NA,NA,"13,899,050"
The Karur Vysya Bank Limited,NSEI:KARURVYSYA,"57,504,680","744,152,789",NA,NA,NA,NA,NA,NA,NA,"286,577,135","2,020,000",NA,NA,"30,581,869","8,304,862",NA,NA,NA,NA,NA,NA,"1,074,993",NA,NA
WIN Semiconductors Corp.,TPEX:3105,"41,186,028","336,915,327","5,230,084",NA,NA,NA,NA,"140,841","30,924,000","47,285,743",NA,NA,NA,"2,257","7,285,328","756,797",NA,NA,NA,NA,"8,000,699",NA,"17,838,330","20,000,000"
"SILICON2 Co., Ltd.",KOSDAQ:A257720,"30,856,554","29,529,230","2,305,870",NA,NA,NA,NA,NA,NA,"267,666",NA,NA,NA,NA,NA,"2,346,450",NA,NA,NA,NA,"3,450",NA,NA,NA
PT Erajaya Swasembada Tbk,IDX:ERAA,"47,716,400","7,040,788,300","297,589,585",NA,NA,NA,NA,NA,NA,"714,565,280",NA,NA,NA,"750,000",NA,NA,NA,NA,NA,NA,NA,NA,"8,694,980,200",NA
Vietnam Maritime Commercial Joint Stock Bank,HOSE:MSB,"21,106,986","1,687,709,896","1,656,676",NA,NA,NA,NA,NA,NA,"40,538,057",NA,NA,NA,"638,600",NA,NA,NA,NA,NA,NA,NA,NA,"291,183,118",NA
Ajisen (China) Holdings Limited,SEHK:538,"66,002,476","534,809,052",NA,NA,NA,NA,NA,NA,NA,"79,227,917",NA,NA,NA,NA,NA,NA,NA,NA,NA,NA,NA,NA,"490,727,292",NA
New World Development Company Limited,SEHK:17,"9,072,127","1,366,832,435","14,253,852",NA,NA,NA,NA,"1,883,054",NA,"415,486,519",NA,NA,NA,"329,902",NA,"51,673",NA,NA,NA,NA,NA,NA,"1,140,728,609",NA
PAX Global Technology Limited,SEHK:327,"15,960,000","689,850,000","6,443,626",NA,NA,NA,NA,NA,NA,"355,637,026",NA,"401,221",NA,"6,000",NA,"15,000",NA,NA,NA,NA,NA,NA,NA,"364,000,000"
PT Caturkarda Depo Bangunan Tbk,IDX:DEPO,"1,595,117,700","510,235,100",NA,NA,NA,NA,NA,NA,NA,NA,NA,NA,NA,NA,NA,NA,NA,NA,NA,NA,NA,NA,"4,684,647,200",NA
"Hwaseung Enterprise Co., Ltd.",KOSE:A241590,"172,630","16,992,361","495,926",NA,NA,NA,NA,"5,257,267",NA,"1,682,129",NA,NA,NA,NA,NA,NA,NA,NA,NA,NA,NA,NA,NA,"43,424,285"
JNBY Design Limited,SEHK:3306,"323,902,000","161,501,800","602,844",NA,NA,NA,NA,NA,NA,"51,377,809",NA,NA,NA,"44,800",NA,"4,500",NA,NA,NA,NA,NA,NA,"16,607,200",NA
Yue Yuen Industrial (Holdings) Limited,SEHK:551,"1,425,000","786,602,151","-1,806,557",NA,NA,NA,"34,000","275,439",NA,"249,083,260",NA,NA,NA,"1,061,752",NA,"26,500",NA,NA,NA,NA,NA,NA,NA,"824,143,835"
Digiworld Corporation,HOSE:DGW,"90,147","166,966,127","238,200",NA,NA,NA,NA,NA,NA,"17,784,752",NA,NA,NA,NA,NA,NA,NA,NA,NA,NA,NA,NA,NA,NA
WHA Corporation Public Company Limited,SET:WHA,"4,832,734,984","10,114,099,695","95,997,752",NA,NA,NA,NA,NA,NA,"2,229,355,118",NA,NA,NA,"19,158,326",NA,NA,NA,NA,NA,NA,NA,NA,NA,NA
Aztech Global Ltd.,SGX:8AZ,"545,157,600","218,068,845","3,310,082",NA,NA,NA,NA,NA,NA,"16,836,357",NA,NA,NA,NA,NA,NA,NA,NA,NA,NA,NA,NA,"5,726,500","3,000,000"
Aarti Pharmalabs Limited,NSEI:AARTIPHARM,"25,517,983","46,167,744",NA,NA,NA,NA,NA,NA,NA,"14,627,900",NA,NA,NA,"1,759,209",NA,NA,NA,NA,NA,NA,NA,"322,520","18,610,262","7,500"
AEON Thana Sinsap (Thailand) Public Company Limited,SET:AEONTS,"14,900,200","77,299,800","13,447,670",NA,NA,NA,NA,NA,"2,441,600","17,856,805",NA,NA,NA,NA,NA,NA,NA,NA,NA,NA,NA,NA,NA,"157,800,000"
Granules India Limited,BSE:532482,"104,020,908","134,241,313","5,523,789",NA,NA,NA,NA,NA,NA,"62,581,636","208,000",NA,NA,"3,054,483",NA,NA,NA,NA,NA,NA,NA,"311,249","3,795,246",NA
CIMB Group Holdings Berhad,KLSE:CIMB,"1,464,226","7,045,447,976","102,099,858",NA,"100,350,785",NA,NA,"2,140,193,616",NA,"1,646,553,053",NA,NA,NA,"4,807,467","213,093,338","14,875,517",NA,NA,"3,569,318,095",NA,NA,"48,871,403",NA,NA
Ho Chi Minh City Securities Corporation,HOSE:HCM,"552,000","524,458,265",NA,NA,NA,NA,NA,NA,NA,"28,529,771",NA,NA,NA,NA,NA,NA,NA,NA,NA,NA,NA,NA,"655,552",NA
"Dentium CO., LTD",KOSE:A145720,"2,089,820","6,521,253","169,880",NA,NA,NA,NA,"1,103,247",NA,"1,209,330",NA,NA,NA,10,NA,NA,NA,NA,NA,NA,"8,320",NA,"4,498",NA
Vietnam International Commercial Joint Stock Bank,HOSE:VIB,"412,910,379","2,005,187,155",NA,NA,NA,NA,NA,NA,NA,"38,746,895",NA,NA,NA,NA,NA,NA,NA,NA,NA,NA,NA,NA,"118,710,000",NA
SG Capital Public Company Limited,SET:SGC,"1,323,344","586,101,738","4,528,116",NA,NA,NA,NA,NA,NA,NA,NA,NA,NA,NA,NA,NA,NA,NA,NA,NA,NA,NA,"14,812,200","2,667,762,718"
"F&F Co., Ltd",KOSE:A383220,"11,046,160","14,933,741","789,841",NA,NA,NA,NA,"2,883,645",NA,"5,323,544",NA,NA,NA,"10,350",NA,175,NA,NA,NA,NA,NA,NA,NA,"12,162,840"
Emperador Inc.,PSE:EMI,"161,208","1,667,202,492",NA,NA,NA,NA,NA,NA,NA,"191,555,554",NA,NA,NA,"60,500",NA,NA,NA,"1,495,667,038",NA,NA,NA,NA,NA,"12,573,440,500"
"Yonghe Medical Group Co., Ltd.",SEHK:2279,"206,190,584","125,156,496",NA,NA,"12,000,000",NA,NA,NA,NA,"11,358,300",NA,NA,NA,NA,NA,NA,NA,"183,733,336",NA,NA,NA,NA,NA,NA
Union Auction Public Company Limited,SET:AUCT,"317,537,200","232,462,800",NA,NA,NA,NA,NA,NA,NA,"61,423,343",NA,NA,NA,NA,NA,NA,NA,NA,NA,NA,NA,NA,NA,NA
"SSI Group, Inc.",PSE:SSI,"1,027,439,031","946,386,020",NA,NA,NA,NA,NA,NA,NA,"32,895,252",NA,NA,NA,NA,NA,NA,NA,NA,NA,NA,NA,NA,"1,317,352,879",NA
PT Adhi Commuter Properti Tbk,IDX:ADCP,"253,800","2,222,068,400",NA,NA,NA,NA,NA,NA,NA,NA,NA,NA,NA,NA,NA,NA,NA,NA,NA,NA,NA,NA,NA,"19,999,900,000"
SM Investments Corporation,PSE:SM,"537,413,179","581,731,398","1,470,578","33,750,000",NA,NA,NA,"505,532",NA,"80,838,975",NA,NA,NA,"35,799",NA,NA,NA,NA,NA,NA,NA,NA,"102,683,800","194,981"
PT Bundamedik Tbk,IDX:BMHS,"1,399,534,700","1,847,034,400",NA,NA,NA,NA,NA,NA,NA,"26,100",NA,NA,NA,NA,NA,NA,NA,NA,NA,NA,NA,NA,"5,356,847,076",NA
PT Puradelta Lestari Tbk,IDX:DMAS,"44,004,900","8,495,806,200","538,736,387",NA,NA,NA,NA,NA,NA,"626,765,377",NA,NA,NA,NA,NA,NA,NA,NA,NA,NA,NA,NA,NA,"39,658,300,000"
"GT Capital Holdings, Inc.",PSE:GTCAP,"885,920","93,795,558","176,494",NA,NA,NA,NA,NA,"11,178","24,887,052",NA,NA,NA,"53,546",NA,"200,000",NA,NA,NA,NA,NA,NA,"120,603,109",NA
IndusInd Bank Limited,NSEI:INDUSINDBK,"2,250,003","624,663,335","49,902,825",NA,"12,988,693",NA,NA,"14,654,757","30,681,073","239,510,905","2,042,500","9,159,482",NA,"37,061,706",NA,"12,908,133",NA,NA,NA,NA,NA,"1,750,276","149,566,073",NA
Heritage Foods Limited,NSEI:HERITGFOOD,"35,073,704","40,867,953","1,113,433",NA,NA,NA,NA,NA,NA,"15,169,303",NA,NA,NA,NA,NA,NA,NA,NA,NA,NA,NA,"750,299","16,104,044",NA
Venture Corporation Limited,SGX:V03,"24,116,237","265,708,240","5,552,531",NA,NA,NA,NA,"703,909",NA,"116,914,903",NA,NA,NA,"514,618",NA,"11,300",NA,NA,NA,NA,NA,NA,"399,000",NA
PT Jobubu Jarum Minahasa TBK,IDX:BEER,"155,675","715,317,000",NA,NA,NA,NA,NA,NA,NA,NA,NA,NA,NA,NA,NA,NA,NA,NA,NA,NA,NA,NA,"3,284,527,325",NA
PT TBS Energi Utama Tbk,IDX:TOBA,"50,559,248","1,481,438,474",NA,NA,NA,NA,NA,NA,NA,"536,184",NA,NA,NA,NA,NA,NA,NA,NA,NA,NA,NA,NA,"6,574,702,900",NA
PCBL Limited,NSEI:PCBL,"7,084,990","181,638,700","25,776,016",NA,NA,NA,NA,NA,"4,634,000","48,364,856",NA,NA,NA,"14,840",NA,NA,NA,NA,NA,NA,NA,"12,720,704","173,113,380","2,904,830"
China Education Group Holdings Limited,SEHK:839,"1,544,368,000","1,007,172,490","7,230,094",NA,NA,NA,NA,NA,NA,"377,342,160",NA,NA,NA,"6,089,585",NA,NA,NA,NA,NA,NA,NA,NA,NA,NA
Venustech Group Inc.,SZSE:002439,"270,571,837","664,216,232","18,917,600",NA,"5,730,928",NA,NA,"12,324,288","8,796,679","197,700,466",NA,NA,NA,"51,800","11,590,701",NA,NA,"283,109,667",NA,NA,"417,741",NA,"892,043",NA
TOA Paint (Thailand) Public Company Limited,SET:TOA,"913,000,000","507,600,000","546,034",NA,NA,NA,NA,NA,NA,"279,701,001",NA,NA,NA,"282,000",NA,NA,NA,NA,NA,NA,NA,NA,"608,400,000",NA
Johnson Electric Holdings Limited,SEHK:179,"633,014,380","294,328,186","35,292,291",NA,NA,NA,NA,"124,442",NA,"159,738,347",NA,NA,NA,"1,532,573",NA,NA,NA,NA,NA,NA,NA,NA,"27,468",NA
PT Siloam International Hospitals Tbk,IDX:SILO,"55,472,720","1,472,017,948","36,646,400",NA,NA,NA,NA,NA,NA,"519,158,503",NA,NA,NA,"281,400",NA,NA,NA,"3,405,587,432",NA,NA,NA,NA,"1,588,245,120","6,447,348,480"
i-Tail Corporation Public Company Limited,SET:ITC,"36,299,654","599,040,665","37,781,453",NA,NA,NA,NA,NA,NA,"89,072,672",NA,NA,NA,NA,NA,NA,NA,NA,NA,NA,NA,NA,NA,"2,364,659,681"
DIO Corporation,KOSDAQ:A039840,"1,070,285","9,024,701","618,134",NA,"813,296",NA,NA,NA,NA,"1,073,321",NA,NA,NA,"1,669",NA,NA,"791,111",NA,NA,NA,NA,NA,"3,350,795","287,600"
Prima Marine Public Company Limited,SET:PRM,"12,471,100","995,991,300",NA,NA,NA,NA,NA,NA,"36,990,000","122,358,159",NA,NA,NA,NA,NA,NA,NA,NA,NA,NA,NA,NA,"1,436,999,800",NA
PT Merdeka Copper Gold Tbk,IDX:MDKA,"2,545,852,850","8,203,396,560","4,448,538",NA,NA,NA,NA,"2,589,190","350,578,311","2,678,318,825",NA,NA,NA,"17,315,299",NA,NA,NA,"4,494,361,397",NA,NA,NA,"1,182,169,807","6,271,620,719","1,347,254,738"
"Myoung Shin Industrial Co.,Ltd",KOSE:A009900,"7,000","28,466,923","247,094",NA,NA,NA,NA,"3,903,363",NA,"3,371,044",NA,NA,NA,"25,151",NA,290,NA,NA,NA,NA,"152,000",NA,"6,070,421","17,773,789"
Gokaldas Exports Limited,NSEI:GOKEX,"3,662,391","46,452,079",NA,NA,NA,NA,"678,003",NA,"1,046,829","31,004,517",NA,NA,NA,"672,611","2,096,760",NA,NA,NA,NA,NA,NA,NA,"9,123,511","1,413,513"
Asia Cement (China) Holdings Corporation,SEHK:743,"5,082,500","500,559,298",NA,NA,NA,NA,NA,NA,NA,"137,307,225",NA,NA,NA,NA,NA,NA,NA,NA,NA,NA,NA,NA,NA,"1,061,209,202"
Vietnam Dairy Products Joint Stock Company,HOSE:VNM,"10,261,771","735,700,302","41,647,873",NA,NA,NA,NA,"26,542,434","8,568,817","309,465,457",NA,"69,000",NA,"455,400",NA,"2,613,396",NA,NA,"752,383,960",NA,NA,NA,"369,752,859","221,856,553"
PT Bank Rakyat Indonesia (Persero) Tbk,IDX:BBRI,"29,618,658","60,517,499,546","1,012,768,643",NA,"915,458,290",NA,"154,929,213","511,771,936",NA,"23,368,447,373","10,619,325",NA,NA,"516,985,217",NA,"18,604,300",NA,NA,NA,NA,NA,"89,089,878,346","1,153,860,154",NA
PT. Mitra Adiperkasa Tbk,IDX:MAPI,NA,"8,073,613,400","346,095,152",NA,NA,NA,NA,NA,NA,"2,493,871,960",NA,NA,NA,"21,242,651",NA,"6,021,900",NA,NA,NA,NA,NA,NA,"8,466,000,000",NA
"Chicony Power Technology Co., Ltd.",TWSE:6412,"56,753,443","131,474,816","1,080,379",NA,NA,NA,NA,NA,NA,"40,952,964",NA,NA,NA,NA,NA,NA,NA,NA,NA,NA,NA,NA,"4,105,273","206,706,594"
SiS Distribution (Thailand) Public Company Limited,SET:SIS,"53,828,346","126,915,844","8,711,227",NA,NA,NA,NA,NA,NA,"11,734,407",NA,NA,NA,NA,NA,NA,NA,NA,NA,NA,NA,NA,"165,616,595","3,837,870"
PT Adi Sarana Armada Tbk,IDX:ASSA,"471,410,269","1,716,376,148","157,632,745",NA,NA,NA,NA,NA,NA,"27,749,607",NA,NA,NA,NA,NA,NA,NA,NA,NA,NA,NA,NA,"1,503,351,100",NA
Berjaya Food Berhad,KLSE:BJFOOD,"55,620,985","623,624,051","57,849,900",NA,NA,NA,NA,NA,NA,"244,291,755",NA,NA,NA,NA,NA,NA,NA,NA,NA,NA,NA,"48,000,000","121,752,400","922,813,688"
Modetour Network Inc.,KOSDAQ:A080160,"2,177,976","15,129,760","107,188",NA,NA,NA,NA,NA,NA,"2,735,978",NA,NA,NA,"1,978",NA,NA,NA,NA,NA,NA,"55,978",NA,NA,NA
An Gia Real Estate Investment and Development Corporation,HOSE:AGG,"9,461,646","115,656,722",NA,NA,NA,NA,NA,NA,NA,"3,398,200",NA,NA,NA,NA,NA,NA,NA,NA,NA,NA,NA,NA,NA,NA
Escorts Kubota Limited,NSEI:ESCORTS,"3,258,671","33,039,419","896,056",NA,NA,NA,NA,NA,NA,"15,411,898","251,175",NA,NA,NA,NA,NA,NA,NA,NA,NA,NA,"691,225","14,191,351","59,112,970"
Torrent Power Limited,NSEI:TORNTPOWER,"21,007","206,817,714","48,579,901",NA,NA,NA,NA,NA,"6,290,860","113,611,858",NA,NA,NA,NA,NA,NA,NA,NA,NA,NA,NA,"16,355,752","257,422,311",NA
Stella International Holdings Limited,SEHK:1836,"88,322,794","532,683,613",NA,NA,NA,NA,NA,NA,NA,"66,268,699",NA,NA,NA,"40,125",NA,"14,500",NA,NA,NA,NA,NA,NA,"173,508,593",NA
Accelya Solutions India Limited,NSEI:ACCELYA,"117,630","3,585,771",NA,NA,NA,NA,"1,091,733",NA,"44,787","60,867",NA,NA,NA,NA,NA,NA,NA,NA,NA,NA,NA,"66,265","11,156,595",NA
Gia Lai Electricity Joint Stock Company,HOSE:GEG,"1,987,902","89,298,955",NA,NA,NA,NA,NA,NA,NA,"365,157",NA,NA,NA,NA,NA,NA,NA,NA,NA,NA,NA,NA,"212,461,106","37,501,438"
Quess Corp Limited,NSEI:QUESS,"23,486,369","54,671,895","620,909",NA,NA,NA,NA,NA,NA,"32,021,687",NA,NA,NA,"2,322,796","2,097,034",NA,NA,NA,NA,NA,NA,"79,772","69,492,184",0
Principal Capital Public Company Limited,SET:PRINC,"2,610,200,274","595,263,877",NA,NA,NA,NA,NA,NA,NA,"4,322,561",NA,NA,NA,NA,NA,NA,NA,"222,249,300",NA,NA,NA,NA,NA,"380,857,051"
